GROUP,PACKAGE,CLASS,INSTRUCTION_MISSED,INSTRUCTION_COVERED,BRANCH_MISSED,BRANCH_COVERED,LINE_MISSED,LINE_COVERED,COMPLEXITY_MISSED,COMPLEXITY_COVERED,METHOD_MISSED,METHOD_COVERED
Card Transaction Simulator,com.marvens.capstone,CardSimulatorApplication,5,3,0,0,2,1,1,1,1,1
Card Transaction Simulator,com.marvens.capstone.exception,ResourceNotFoundException,0,5,0,0,0,1,0,1,0,1
Card Transaction Simulator,com.marvens.capstone.exception,ApiExceptionHandler,9,88,1,5,2,19,1,7,0,5
Card Transaction Simulator,com.marvens.capstone.exception,ConflictException,0,5,0,0,0,1,0,1,0,1
Card Transaction Simulator,com.marvens.capstone.security,JwtTokens,5,65,2,2,1,13,2,2,0,2
Card Transaction Simulator,com.marvens.capstone.security,AuthenticationRateLimitFilter.Window,0,6,0,0,0,1,0,1,0,1
Card Transaction Simulator,com.marvens.capstone.security,AuthenticationRateLimitFilter,9,129,3,15,0,26,3,11,0,5
Card Transaction Simulator,com.marvens.capstone.security,SecurityConfiguration,11,369,7,17,0,58,7,25,0,20
Card Transaction Simulator,com.marvens.capstone.controller,AuthController,0,27,0,0,0,4,0,4,0,4
Card Transaction Simulator,com.marvens.capstone.controller,TransactionController,0,60,0,4,0,11,0,6,0,4
Card Transaction Simulator,com.marvens.capstone.controller,AccountController,0,25,0,0,0,7,0,3,0,3
Card Transaction Simulator,com.marvens.capstone.controller,AdminController,0,42,0,0,0,10,0,4,0,4
Card Transaction Simulator,com.marvens.capstone.service,TransactionService,28,501,14,48,7,101,14,27,0,10
Card Transaction Simulator,com.marvens.capstone.service,AccountService,23,162,7,11,4,40,7,9,0,7
Card Transaction Simulator,com.marvens.capstone.service,AuthService,0,229,0,12,0,50,0,11,0,5
Card Transaction Simulator,com.marvens.capstone.dto,LoginRequest,2,3,0,0,1,1,1,1,1,1
Card Transaction Simulator,com.marvens.capstone.dto,AccountResponse,0,31,0,0,0,8,0,1,0,1
Card Transaction Simulator,com.marvens.capstone.dto,CardResponse,0,26,0,0,0,7,0,1,0,1
Card Transaction Simulator,com.marvens.capstone.dto,PurchaseRequest,2,3,0,0,1,1,1,1,1,1
Card Transaction Simulator,com.marvens.capstone.dto,UserResponse,0,19,0,0,0,6,0,1,0,1
Card Transaction Simulator,com.marvens.capstone.dto,TransactionResultResponse,0,24,0,0,0,7,0,2,0,2
Card Transaction Simulator,com.marvens.capstone.dto,PageResponse,0,22,0,0,0,7,0,1,0,1
Card Transaction Simulator,com.marvens.capstone.dto,TransactionResponse,0,67,0,2,0,18,0,3,0,2
Card Transaction Simulator,com.marvens.capstone.dto,RegisterRequest,2,3,0,0,1,1,1,1,1,1
Card Transaction Simulator,com.marvens.capstone.dto,LoginResponse,2,20,0,0,1,6,1,1,1,1
Card Transaction Simulator,com.marvens.capstone.entity,CreditAccount.Status,0,15,0,0,0,1,0,1,0,1
Card Transaction Simulator,com.marvens.capstone.entity,DemoCard,0,48,0,0,0,15,0,14,0,14
Card Transaction Simulator,com.marvens.capstone.entity,AppUser.Role,0,15,0,0,0,1,0,1,0,1
Card Transaction Simulator,com.marvens.capstone.entity,CardTransaction,3,80,0,0,1,24,1,23,1,23
Card Transaction Simulator,com.marvens.capstone.entity,AppUser,0,34,0,0,0,11,0,10,0,10
Card Transaction Simulator,com.marvens.capstone.entity,CardTransaction.Status,0,15,0,0,0,1,0,1,0,1
Card Transaction Simulator,com.marvens.capstone.entity,CreditAccount,0,40,0,0,0,12,0,10,0,10
Card Transaction Simulator,com.marvens.capstone.entity,CardTransaction.Type,0,15,0,0,0,1,0,1,0,1
Card Transaction Simulator,com.marvens.capstone.config,OpenApiConfiguration,0,3,0,0,0,1,0,1,0,1
